<?xml version="1.0" encoding="UTF-8"?><visualization xmlns="http://www.ibm.com/software/analytics/spss/xml/visualization" creator="en" date="2025-01-23" description="Histogram of cafee" id="frame_graph_1" lang="en-US" style="frame_graph_1s" type="25000000" version="1.4" xmlns:xsi="http://www.w3.org/2001/XMLSchema-instance" xsi:schemaLocation="http://www.ibm.com/software/analytics/spss/xml/visualization http://www.ibm.com/software/analytics/spss/xml/visualization/vizml-3.0.xsd">

<extension id="extension_1025226" statisticsSummary1="frame_statistics_summary1" styleCycleRepository="styleCycleRepository"/>

<location id="location_1025222" method="fixed" part="left" value="0px"/>
<location id="location_1025223" method="fixed" part="right" value="850px"/>
<location id="location_1025224" method="fixed" part="top" value="0px"/>
<location id="location_1025225" method="fixed" part="bottom" value="500px"/>

<userSource id="source0"/>
<sourceVariable categorical="false" creator="external_datasource" id="variable4" key="false" shortLabel="cafee" source="source0" sourceName="V4" weight="false"><format hiddenseparator="false" minimumFractionDigits="2" minimumIntegerDigits="0" useGrouping="false"/></sourceVariable>
<sourceVariable categorical="false" creator="internal_aggregate" id="variable5" key="false" label="Frequency" shortLabel="Frequency" source="source0" sourceName="$WEIGHT" weight="true"/>

<graph cellStyle="facetLabel_data_1s" id="frame_data_1" style="frame_data_1s">
<location id="location_1025232" method="fixed" part="left" value="1%"/>
<location id="location_1025233" method="fixed" part="top" value="1%"/>
<location id="location_1025234" method="fixed" part="bottom" value="99%"/>
<location id="location_1025235" method="fixed" part="right" value="75%"/>
<coordinates id="coordinates_763"><dimension id="dimension_764" lowerMargin="5%" upperMargin="5%"><axis combineAxisLabels="true" id="axis_axisx_1" repeat="never" style="axis_axisx_1s"><label id="label_axisx_1" style="style_770" textFrameStyle="style_768"><text id="text_767">cafee</text></label><majorTicks id="majorTicks_772" markStyle="majorTicks_axis_axisx_1markStyle" stagger="false" style="style_775" tickFrameStyle="style_773"><gridline id="gridline_1025242" style="style4"/></majorTicks></axis></dimension><dimension id="dimension_777" upperMargin="5%"><axis combineAxisLabels="true" id="axis_axisy_1" repeat="never" style="axis_axisy_1s"><label id="label_axisy_1" style="style_783" textFrameStyle="style_781"><text id="text_780">Frequency</text></label><majorTicks id="majorTicks_785" markStyle="majorTicks_axis_axisy_1markStyle" stagger="false" style="style_788" tickFrameStyle="style_786"><gridline id="gridline_1025248" style="style5"/></majorTicks></axis></dimension></coordinates><facetLayout id="facetLayout_790" topDown="true"/><interval dot="false" id="element_histogram_1" labelCollisionHandling="none" name="element_histogram_1" showCollidingLabels="true" style="element_histogram_1s"><binStatistic id="binStatistic_792"/><summaryStatistic id="summaryStatistic_793" method="count"/><x variable="variable4"/></interval><line dot="false" id="line_1025531" name="Normal" style="style_1025533"><distributionStatistic distribution="normal" id="distributionStatistic_1025532"/><x variable="variable4"/></line></graph>
<labelFrame id="frame_statistics_summary1" style="style1">
<location id="location_1025254" method="sizeToContent" part="height"/>
<location id="location_1025255" max="25%" method="sizeToContent" part="width"/>
<location id="location_1025256" method="fixed" part="left" value="75%"/>
<location id="location_1025257" method="same" part="top" target="frame_data_1"/>
<label id="label_1025258" style="style2" textFrameStyle="style3"><descriptionGroup id="descriptionGroup_1025259" separator="&#10; &#10;" target="element_histogram_1"><description id="description_1025260" name="name"/><text id="text_1025261">
Mean = </text><description id="description_1025262" name="mean"><format hiddenseparator="false" maximumFractionDigits="2" minimumFractionDigits="2" minimumIntegerDigits="0" useGrouping="false"/></description><text id="text_1025264">
Std. Dev. = </text><description id="description_1025265" name="stdev"><format hiddenseparator="false" maximumFractionDigits="3" minimumFractionDigits="2" minimumIntegerDigits="0" useGrouping="false"/></description><text id="text_1025267">
N = </text><description id="description_1025268" name="count"/></descriptionGroup></label></labelFrame>
<legend id="legend_1025534" tickFrameStyle="style_1025535" tickTextStyle="style_1025536">
<location id="location_1025537" method="fixed" part="bottom" value="97.5%"/>
<location id="location_1025538" method="fixed" part="left" value="75%"/>
<location id="location_1025539" method="fixed" part="right" value="98%"/>
<location id="location_1025540" method="fixed" part="top" value="2.5%"/>
<legendTarget id="legendTarget_1025541" target="line_1025531"/></legend>

<style font-family="SansSerif" font-size="8pt;6pt;" id="c-o-n-t-a-i-n-er" pattern="0" stroke-linecap="butt" text-fit="true"><style color="white" color2="transparent" id="frame_graph_1s"/><style color="white" color2="transparent" id="frame_data_1s"/><style color="white" color2="transparent" id="facetLabel_data_1s"/><style color="black" id="axis_axisx_1s" stroke-width="0.5pt"/><style id="axis_axisx_1baselineStyle"/><style color="#AEAEAE" id="majorTicks_axis_axisx_1markStyle" stroke-width="1pt" visible="false"/><style id="majorTicks_axis_axisx_1tickLabelStyle"/><style color="black" id="axis_axisy_1s" stroke-width="0.5pt"/><style id="axis_axisy_1baselineStyle"/><style color="#AEAEAE" id="majorTicks_axis_axisy_1markStyle" stroke-width="1pt" visible="false"/><style id="majorTicks_axis_axisy_1tickLabelStyle"/><style color="#5596E6" color2="black" depth="75%" id="element_histogram_1s" pattern="0" stroke-width="0" width="95%"/><style id="label_axisx_1s"/><style id="label_axisy_1s"/><style id="style_768" visible="false"/><style color="black" color2="transparent" font-size="12pt;8pt" font-weight="bold" id="style_770" margin="6px" padding="1px"/><style id="style_773" visible="false"/><style color="black" font-size="8pt;8pt;" id="style_775" margin="5px"/><style id="style_781" visible="false"/><style color="black" color2="transparent" font-size="12pt;8pt" font-weight="bold" id="style_783" margin="6px" padding="1px"/><style id="style_786" visible="false"/><style color="black" font-size="8pt;8pt;" id="style_788" margin="5px"/><style color="transparent" color2="transparent" id="style1"/><style color="black" color2="transparent" font-size="8pt;6pt;" font-weight="regular" id="style2" margin="5px" padding="2px" textAlignment="left"/><style color="transparent" color2="transparent" id="style3" visible="false"/><style color="#AEAEAE" id="style4"/><style color="#AEAEAE" id="style5"/><style color="black" id="style_1025533" width="2pt"/><style color="transparent" color2="transparent" id="style_1025535" opacity="0" opacity2="0" pattern="0" visible="false"/><style color="black" color2="transparent" font-size="8pt" id="style_1025536" opacity2="0"/></style>

<styleCycle id="styleCycleDefault"><cycle id="cycle_756"><style id="style_styleCycleDefault" labelInside="preferred"/></cycle></styleCycle>
<styleCycle id="styleCycleRepository"><cycle id="cycle_1025301"><style color="#5596E6" id="style_1025302"/><style color="#D70033" id="style_1025303"/><style color="#298626" id="style_1025304"/><style color="#F3672A" id="style_1025305"/><style color="#E3D710" id="style_1025306"/><style color="#00B4A0" id="style_1025307"/><style color="#FFC4E2" id="style_1025308"/><style color="#AB49F3" id="style_1025309"/><style color="#5FC338" id="style_1025310"/><style color="#3F5AA8" id="style_1025311"/><style color="#FE82B4" id="style_1025312"/><style color="#D0CA8C" id="style_1025313"/><style color="#CC863F" id="style_1025314"/><style color="#77378F" id="style_1025315"/><style color="#ECE6D0" id="style_1025316"/><style color="#454647" id="style_1025317"/><style color="#5CCA88" id="style_1025318"/><style color="#D05334" id="style_1025319"/><style color="#CC7FE4" id="style_1025320"/><style color="#E1BC1D" id="style_1025321"/><style color="#ED4B4B" id="style_1025322"/><style color="#1CCDCD" id="style_1025323"/><style color="#5C7148" id="style_1025324"/><style color="#E18B0E" id="style_1025325"/><style color="#092672" id="style_1025326"/><style color="#5A645E" id="style_1025327"/><style color="#9B0000" id="style_1025328"/><style color="#CFACE3" id="style_1025329"/><style color="#969191" id="style_1025330"/><style color="#3FEB7C" id="style_1025331"/></cycle><cycle id="cycle_1025332"><style id="style_1025333" pattern="26"/><style id="style_1025334" pattern="1"/><style id="style_1025335" pattern="12"/><style id="style_1025336" pattern="3"/><style id="style_1025337" pattern="29"/><style id="style_1025338" pattern="6"/><style id="style_1025339" pattern="14"/><style id="style_1025340" pattern="7"/><style id="style_1025341" pattern="18"/><style id="style_1025342" pattern="17"/><style id="style_1025343" pattern="22"/><style id="style_1025344" pattern="9"/><style id="style_1025345" pattern="20"/><style id="style_1025346" pattern="10"/><style id="style_1025347" pattern="21"/><style id="style_1025348" pattern="27"/><style id="style_1025349" pattern="19"/><style id="style_1025350" pattern="23"/><style id="style_1025351" pattern="13"/><style id="style_1025352" pattern="4"/><style id="style_1025353" pattern="25"/><style id="style_1025354" pattern="28"/><style id="style_1025355" pattern="5"/><style id="style_1025356" pattern="15"/><style id="style_1025357" pattern="2"/><style id="style_1025358" pattern="24"/><style id="style_1025359" pattern="11"/><style id="style_1025360" pattern="16"/><style id="style_1025361" pattern="8"/></cycle><cycle id="cycle_1025362"><style id="style_1025363" size="5pt" symbol="circle"/><style id="style_1025364" size="5pt" symbol="square"/><style id="style_1025365" size="5pt" symbol="cross"/><style glyph-sides="3" id="style_1025366" size="5pt" symbol="polygon"/><style id="style_1025367" size="5pt" symbol="plus"/><style glyph-angle="90" glyph-aspect="0.5" id="style_1025368" size="5pt" symbol="circle"/><style glyph-angle="45" id="style_1025369" size="5pt" symbol="square"/><style glyph-sides="5" id="style_1025370" size="5pt" symbol="flower"/><style id="style_1025371" size="5pt" symbol="bowtie"/><style glyph-angle="90" glyph-aspect="0.5" id="style_1025372" size="5pt" symbol="square"/><style glyph-angle="180" glyph-sides="3" id="style_1025373" size="5pt" symbol="polygon"/><style glyph-aspect="0.5" id="style_1025374" size="5pt" symbol="circle"/><style glyph-sides="5" id="style_1025375" size="5pt" symbol="polygon"/><style glyph-sides="8" id="style_1025376" size="5pt" symbol="star"/><style glyph-aspect="0.5" id="style_1025377" size="5pt" symbol="square"/><style glyph-sides="3" id="style_1025378" size="5pt" symbol="flower"/><style glyph-angle="90" id="style_1025379" size="5pt" symbol="bowtie"/><style glyph-angle="90" id="style_1025380" size="5pt" symbol="line"/><style glyph-angle="90" glyph-aspect="0.5" glyph-sides="4" id="style_1025381" size="5pt" symbol="polygon"/><style id="style_1025382" size="5pt" symbol="line"/><style glyph-angle="270" glyph-sides="3" id="style_1025383" size="5pt" symbol="polygon"/><style id="style_1025384" size="5pt" symbol="arrow"/><style glyph-angle="90" glyph-sides="3" id="style_1025385" size="5pt" symbol="polygon"/></cycle><cycle id="cycle_1025386"><style id="style_1025387"/><style id="style_1025388" stroke-dasharray="12pt,2pt,2pt,10pt,2pt,2pt"/><style id="style_1025389" stroke-dasharray="8pt,8pt"/><style id="style_1025390" stroke-dasharray="10pt,2pt,2pt,2pt"/><style id="style_1025391" stroke-dasharray="3pt,6pt"/><style id="style_1025392" stroke-dasharray="12pt,2pt,2pt,2pt,2pt,2pt,2pt,2pt"/><style id="style_1025393" stroke-dasharray="6pt,3pt,6pt"/><style id="style_1025394" stroke-dasharray="8pt,1pt,8pt,7pt,2pt,7pt"/><style id="style_1025395" stroke-dasharray="6pt,2pt,3pt,5pt,2pt,2pt"/><style id="style_1025396" stroke-dasharray="15pt,2pt,6pt,2pt"/><style id="style_1025397" stroke-dasharray="5pt,5pt"/><style id="style_1025398" stroke-dasharray="8pt,2pt,4pt,2pt"/><style id="style_1025399" stroke-dasharray="3pt,2pt"/><style id="style_1025400" stroke-dasharray="12pt,5pt,3pt,5pt"/><style id="style_1025401" stroke-dasharray="6pt,3pt,3pt,3pt"/><style id="style_1025402" stroke-dasharray="12pt,3pt"/></cycle></styleCycle>
</visualization>