<?xml version="1.0" encoding="UTF-8"?><visualization xmlns="http://www.ibm.com/software/analytics/spss/xml/visualization" creator="en" date="2025-01-23" description="Detrended Normal Q-Q Plot" id="frame_graph_1" lang="en-US" style="frame_graph_1s" type="25000000" version="1.4" xmlns:xsi="http://www.w3.org/2001/XMLSchema-instance" xsi:schemaLocation="http://www.ibm.com/software/analytics/spss/xml/visualization http://www.ibm.com/software/analytics/spss/xml/visualization/vizml-3.0.xsd">
	
	<location method="fixed" part="left" value="0px"/>
	<location method="fixed" part="right" value="850px"/>
	<location method="fixed" part="top" value="0px"/>
	<location method="fixed" part="bottom" value="500px"/>
	<extension styleCycleRepository="styleCycleRepository" title1="frame_title_1"/>
	<userSource id="source0"/>
	<sourceVariable categorical="false" creator="internal_aggregate" id="variable6" key="false" label="X Variable_1" shortLabel="Observed Value" source="source0" sourceName="V6" weight="false"/>
	<sourceVariable categorical="false" creator="internal_aggregate" id="variable7" key="false" label="Y Axis" shortLabel="Dev from Normal" source="source0" sourceName="V7" weight="false"/>
	<sourceVariable categorical="false" creator="external_system" id="variable11" key="false" label="Case Number" source="source0" sourceName="$CASENUM" weight="false"/>
	<intervalDomain id="domain4">
		<variableReference ref="variable6"/>
	</intervalDomain>
	<intervalDomain id="domain5">
		<variableReference ref="variable7"/>
	</intervalDomain>
	
	<graph cellStyle="facetLabel_data_1s" id="frame_data_1" style="frame_data_1s">
		<location method="fixed" part="left" value="1%"/>
		<location method="attach" part="top" target="frame_title_1"/>
		<location method="fixed" part="bottom" value="99%"/>
		<location method="fixed" part="right" value="99%"/>
		<coordinates id="coordinates_966">
			<dimension domain="domain4" id="dimension_967" lowerMargin="5%" upperMargin="5%">
				<axis combineAxisLabels="true" id="axis_axisx_1" repeat="never" style="axis_axisx_1s">
					<label id="label_axisx_1" style="style_973" textFrameStyle="style_971"><text id="text_970">Observed Value</text></label>
					<majorTicks id="majorTicks_975" markStyle="majorTicks_axis_axisx_1markStyle" stagger="false" style="style_978" tickFrameStyle="style_976">
						<gridline style="style1"/>
					</majorTicks>
				</axis>
			</dimension>
			<dimension domain="domain5" id="dimension_980" lowerMargin="5%" upperMargin="5%">
				<axis combineAxisLabels="true" id="axis_axisy_1" repeat="never" style="axis_axisy_1s">
					<label id="label_axisy_1" style="style_986" textFrameStyle="style_984"><text id="text_983">Dev from Normal</text></label>
					<majorTicks id="majorTicks_988" markStyle="majorTicks_axis_axisy_1markStyle" stagger="false" style="style_991" tickFrameStyle="style_989">
						<gridline style="style2"/>
					</majorTicks>
				</axis>
			</dimension>
		</coordinates>
		<facetLayout id="facetLayout_993" topDown="true"/>
		<point dot="false" id="element_point_1" name="element_point_1" showCollidingLabels="false" style="element_point_1s">
			<x variable="variable6"/>
			<y variable="variable7"/>
		</point>
		<lineGuide id="guide_referenceLine_201" style="guide_referenceLine_201s" y="0"/>
	</graph>
	<labelFrame id="frame_title_1" style="frame_title_1s">
		<location method="fixed" part="top" value="1%"/>
		<location method="sizeToContent" part="height"/>
		<label id="label_title_1" style="style_1001" textFrameStyle="style_999"><text>Detrended Normal Q-Q Plot of cafee</text></label>
	</labelFrame>
	
	<style font-family="SansSerif" font-size="8pt;6pt;" id="c-o-n-t-a-i-n-er" pattern="0" stroke-linecap="butt" text-fit="true">
		<style color="white" color2="transparent" id="frame_graph_1s"/>
		<style color="white" color2="transparent" id="frame_data_1s"/>
		<style color="white" color2="transparent" id="facetLabel_data_1s"/>
		<style color="black" id="axis_axisx_1s" stroke-width="0.5pt"/>
		<style id="axis_axisx_1baselineStyle"/>
		<style color="#AEAEAE" id="majorTicks_axis_axisx_1markStyle" stroke-width="1pt" visible="false"/>
		<style id="majorTicks_axis_axisx_1tickLabelStyle"/>
		<style color="black" id="axis_axisy_1s" stroke-width="0.5pt"/>
		<style id="axis_axisy_1baselineStyle"/>
		<style color="#AEAEAE" id="majorTicks_axis_axisy_1markStyle" stroke-width="1pt" visible="false"/>
		<style id="majorTicks_axis_axisy_1tickLabelStyle"/>
		<style color="#777677" color2="#777677" id="element_point_1s" size="5pt" symbol="circle"/>
		<style color="transparent" color2="transparent" id="frame_title_1s"/>
		<style id="label_title_1s"/>
		<style id="label_axisx_1s"/>
		<style id="label_axisy_1s"/>
		<style color="black" id="guide_referenceLine_201s" stroke-width="2.5pt"/>
		<style id="style_971" visible="false"/>
		<style color="black" color2="transparent" font-size="12pt;8pt" font-weight="bold" id="style_973" margin="6px" padding="1px"/>
		<style id="style_976" visible="false"/>
		<style color="black" font-size="8pt;8pt;" id="style_978" margin="5px"/>
		<style id="style_984" visible="false"/>
		<style color="black" color2="transparent" font-size="12pt;8pt" font-weight="bold" id="style_986" margin="6px" padding="1px"/>
		<style id="style_989" visible="false"/>
		<style color="black" font-size="8pt;8pt;" id="style_991" margin="5px"/>
		<style color="transparent" color2="transparent" id="style_999"/>
		<style color="black" color2="transparent" font-size="12pt;8pt;" font-weight="bold" id="style_1001" margin="3px" padding="2px"/>
		<style color="#AEAEAE" id="style1"/>
		<style color="#AEAEAE" id="style2"/>
	</style>
	
	<styleCycle id="styleCycleDefault">
		<cycle id="cycle_959">
			<style id="style_styleCycleDefault" labelInside="preferred"/>
		</cycle>
	</styleCycle>
	<styleCycle id="styleCycleRepository">
		<cycle>
			<style color="#5596E6"/>
			<style color="#D70033"/>
			<style color="#298626"/>
			<style color="#F3672A"/>
			<style color="#E3D710"/>
			<style color="#00B4A0"/>
			<style color="#FFC4E2"/>
			<style color="#AB49F3"/>
			<style color="#5FC338"/>
			<style color="#3F5AA8"/>
			<style color="#FE82B4"/>
			<style color="#D0CA8C"/>
			<style color="#CC863F"/>
			<style color="#77378F"/>
			<style color="#ECE6D0"/>
			<style color="#454647"/>
			<style color="#5CCA88"/>
			<style color="#D05334"/>
			<style color="#CC7FE4"/>
			<style color="#E1BC1D"/>
			<style color="#ED4B4B"/>
			<style color="#1CCDCD"/>
			<style color="#5C7148"/>
			<style color="#E18B0E"/>
			<style color="#092672"/>
			<style color="#5A645E"/>
			<style color="#9B0000"/>
			<style color="#CFACE3"/>
			<style color="#969191"/>
			<style color="#3FEB7C"/>
		</cycle>
		<cycle>
			<style pattern="26"/>
			<style pattern="1"/>
			<style pattern="12"/>
			<style pattern="3"/>
			<style pattern="29"/>
			<style pattern="6"/>
			<style pattern="14"/>
			<style pattern="7"/>
			<style pattern="18"/>
			<style pattern="17"/>
			<style pattern="22"/>
			<style pattern="9"/>
			<style pattern="20"/>
			<style pattern="10"/>
			<style pattern="21"/>
			<style pattern="27"/>
			<style pattern="19"/>
			<style pattern="23"/>
			<style pattern="13"/>
			<style pattern="4"/>
			<style pattern="25"/>
			<style pattern="28"/>
			<style pattern="5"/>
			<style pattern="15"/>
			<style pattern="2"/>
			<style pattern="24"/>
			<style pattern="11"/>
			<style pattern="16"/>
			<style pattern="8"/>
		</cycle>
		<cycle>
			<style size="5pt" symbol="circle"/>
			<style size="5pt" symbol="square"/>
			<style size="5pt" symbol="cross"/>
			<style glyph-sides="3" size="5pt" symbol="polygon"/>
			<style size="5pt" symbol="plus"/>
			<style glyph-angle="90" glyph-aspect="0.5" size="5pt" symbol="circle"/>
			<style glyph-angle="45" size="5pt" symbol="square"/>
			<style glyph-sides="5" size="5pt" symbol="flower"/>
			<style size="5pt" symbol="bowtie"/>
			<style glyph-angle="90" glyph-aspect="0.5" size="5pt" symbol="square"/>
			<style glyph-angle="180" glyph-sides="3" size="5pt" symbol="polygon"/>
			<style glyph-aspect="0.5" size="5pt" symbol="circle"/>
			<style glyph-sides="5" size="5pt" symbol="polygon"/>
			<style glyph-sides="8" size="5pt" symbol="star"/>
			<style glyph-aspect="0.5" size="5pt" symbol="square"/>
			<style glyph-sides="3" size="5pt" symbol="flower"/>
			<style glyph-angle="90" size="5pt" symbol="bowtie"/>
			<style glyph-angle="90" size="5pt" symbol="line"/>
			<style glyph-angle="90" glyph-aspect="0.5" glyph-sides="4" size="5pt" symbol="polygon"/>
			<style size="5pt" symbol="line"/>
			<style glyph-angle="270" glyph-sides="3" size="5pt" symbol="polygon"/>
			<style size="5pt" symbol="arrow"/>
			<style glyph-angle="90" glyph-sides="3" size="5pt" symbol="polygon"/>
		</cycle>
		<cycle>
			<style/>
			<style stroke-dasharray="12pt,2pt,2pt,10pt,2pt,2pt"/>
			<style stroke-dasharray="8pt,8pt"/>
			<style stroke-dasharray="10pt,2pt,2pt,2pt"/>
			<style stroke-dasharray="3pt,6pt"/>
			<style stroke-dasharray="12pt,2pt,2pt,2pt,2pt,2pt,2pt,2pt"/>
			<style stroke-dasharray="6pt,3pt,6pt"/>
			<style stroke-dasharray="8pt,1pt,8pt,7pt,2pt,7pt"/>
			<style stroke-dasharray="6pt,2pt,3pt,5pt,2pt,2pt"/>
			<style stroke-dasharray="15pt,2pt,6pt,2pt"/>
			<style stroke-dasharray="5pt,5pt"/>
			<style stroke-dasharray="8pt,2pt,4pt,2pt"/>
			<style stroke-dasharray="3pt,2pt"/>
			<style stroke-dasharray="12pt,5pt,3pt,5pt"/>
			<style stroke-dasharray="6pt,3pt,3pt,3pt"/>
			<style stroke-dasharray="12pt,3pt"/>
		</cycle>
	</styleCycle>
</visualization>