<?xml version="1.0" encoding="UTF-8"?><visualization xmlns="http://www.ibm.com/software/analytics/spss/xml/visualization" clip="false" creator="en" date="2025-01-23" description="Scatter of cafee cigarette " id="frame_graph_1" lang="en-US" style="frame_graph_1s" type="25000000" version="1.4" xmlns:xsi="http://www.w3.org/2001/XMLSchema-instance" xsi:schemaLocation="http://www.ibm.com/software/analytics/spss/xml/visualization http://www.ibm.com/software/analytics/spss/xml/visualization/vizml-3.0.xsd">

<extension id="extension_1025747" line_1026039_="functionGuide_1026042" line_1026072_="functionGuide_1026082" styleCycleRepository="styleCycleRepository"/>

<location id="location_1025743" method="fixed" part="left" value="0px"/>
<location id="location_1025744" method="fixed" part="right" value="850px"/>
<location id="location_1025745" method="fixed" part="top" value="0px"/>
<location id="location_1025746" method="fixed" part="bottom" value="500px"/>

<userSource id="source0"/>
<sourceVariable categorical="false" creator="external_datasource" id="variable4" key="false" shortLabel="cigarette" source="source0" sourceName="V4" weight="false"><format hiddenseparator="false" minimumFractionDigits="2" minimumIntegerDigits="0" useGrouping="false"/></sourceVariable>
<sourceVariable categorical="false" creator="external_datasource" id="variable5" key="false" shortLabel="cafee" source="source0" sourceName="V5" weight="false"><format hiddenseparator="false" minimumFractionDigits="2" minimumIntegerDigits="0" useGrouping="false"/></sourceVariable>
<sourceVariable categorical="false" creator="external_system" id="variable12" key="false" label="Case Number" source="source0" sourceName="$CASENUM" weight="false"/>
<intervalDomain id="domain6"><variableReference ref="variable4"/></intervalDomain>
<intervalDomain id="domain7"><variableReference ref="variable5"/></intervalDomain>

<graph cellStyle="facetLabel_data_1s" id="frame_data_1" style="frame_data_1s">
<location id="location_1025759" method="fixed" part="left" value="1%"/>
<location id="location_1025760" method="fixed" part="top" value="1%"/>
<location id="location_1025761" method="fixed" part="bottom" value="99%"/>
<location id="location_1025762" method="fixed" part="right" value="99%"/>
<location id="location_1026063" method="attach" part="right" target="container_1026058"/>
<coordinates id="coordinates_827"><dimension domain="domain6" id="dimension_828" lowerMargin="5%" upperMargin="5%"><axis combineAxisLabels="true" id="axis_axisx_1" repeat="never" style="axis_axisx_1s"><label id="label_axisx_1" style="style_834" textFrameStyle="style_832"><text id="text_831">cigarette</text></label><majorTicks id="majorTicks_836" markStyle="majorTicks_axis_axisx_1markStyle" stagger="false" style="style_839" tickFrameStyle="style_837"><gridline id="gridline_1025769" style="style1"/></majorTicks></axis></dimension><dimension domain="domain7" id="dimension_841" lowerMargin="5%" upperMargin="5%"><axis combineAxisLabels="true" id="axis_axisy_1" repeat="never" style="axis_axisy_1s"><label id="label_axisy_1" style="style_847" textFrameStyle="style_845"><text id="text_844">cafee</text></label><majorTicks id="majorTicks_849" markStyle="majorTicks_axis_axisy_1markStyle" stagger="false" style="style_852" tickFrameStyle="style_850"><gridline id="gridline_1025775" style="style2"/></majorTicks></axis></dimension></coordinates><facetLayout id="facetLayout_854" topDown="true"/><point dot="false" id="element_scatter_1" name="element_scatter_1" showCollidingLabels="false" style="element_scatter_1s"><x variable="variable4"/><y variable="variable5"/></point><line dot="false" id="line_1026039" style="style_1026041"><smoothStatistic bounded="false" id="smoothStatistic_1026040" method="linear"/><x variable="variable4"/><y variable="variable5"/></line><line dot="false" id="line_1026072" style="style_1026074"><smoothStatistic bounded="false" degree="2" id="smoothStatistic_1026073" method="polynomial"/><x variable="variable4"/><y variable="variable5"/></line><functionGuide id="functionGuide_1026042" style="style_1026043" value="4.01+0.49*x"><label id="label_1026044" style="style_1026045" textFrameStyle="style_1026046"><text id="text_1026047">y=4.01+0.49*x</text></label></functionGuide><functionGuide id="functionGuide_1026082" style="style_1026083" value="1.14+1.88*x-0.11*x*x"><label id="label_1026084" style="style_1026085" textFrameStyle="style_1026086"><text id="text_1026087">y=1.14+1.88*x-0.11*x^2</text></label></functionGuide></graph>
<container clip="false" id="container_1026058">
<location id="location_1026059" method="same" part="top" target="frame_data_1"/>
<location id="location_1026060" method="same" part="bottom" target="frame_data_1"/>
<location id="location_1026061" max="75%" method="sizeToContent" part="width"/>
<location id="location_1026062" method="fixed" part="right" value="100%"/>
<labelFrame id="labelFrame_1026064">
<location id="location_1026065" method="sizeToContent" part="width"/>
<location id="location_1026066" method="sizeToContent" part="height"/>
<location id="location_1026067" method="fixed" part="left" value="0px"/>
<location id="location_1026068" method="fixed" part="top" value="0px"/>
<label id="label_1026049" style="style_1026048"><descriptionGroup id="descriptionGroup_1026050" separator="&#10;" target="line_1026039"><description id="description_1026051" name="name"/><text id="text_1026052">R</text><text id="text_1026053" position="superscript" style="style_1026054">2</text><text id="text_1026055"> Linear = </text><description id="description_1026056" name="rsquared"><format maximumFractionDigits="3"/></description></descriptionGroup></label></labelFrame><labelFrame id="labelFrame_1026098">
<location id="location_1026099" method="sizeToContent" part="width"/>
<location id="location_1026100" method="sizeToContent" part="height"/>
<location id="location_1026101" method="fixed" part="left" value="0px"/>
<location id="location_1026102" method="attach" part="top" target="labelFrame_1026064"/>
<label id="label_1026089" style="style_1026088"><descriptionGroup id="descriptionGroup_1026090" separator="&#10;" target="line_1026072"><description id="description_1026091" name="name"/><text id="text_1026092">: R</text><text id="text_1026093" position="superscript" style="style_1026094">2</text><text id="text_1026095"> Quadratic =</text><description id="description_1026096" name="rsquared"><format maximumFractionDigits="3"/></description></descriptionGroup></label></labelFrame></container>

<style font-family="SansSerif" font-size="8pt;6pt;" id="c-o-n-t-a-i-n-er" pattern="0" stroke-linecap="butt" text-fit="true"><style color="white" color2="transparent" id="frame_graph_1s"/><style color="white" color2="transparent" id="frame_data_1s"/><style color="white" color2="transparent" id="facetLabel_data_1s"/><style color="black" id="axis_axisx_1s" stroke-width="0.5pt"/><style id="axis_axisx_1baselineStyle"/><style color="#AEAEAE" id="majorTicks_axis_axisx_1markStyle" stroke-width="1pt" visible="false"/><style id="majorTicks_axis_axisx_1tickLabelStyle"/><style color="black" id="axis_axisy_1s" stroke-width="0.5pt"/><style id="axis_axisy_1baselineStyle"/><style color="#AEAEAE" id="majorTicks_axis_axisy_1markStyle" stroke-width="1pt" visible="false"/><style id="majorTicks_axis_axisy_1tickLabelStyle"/><style id="label_axisx_1s"/><style id="label_axisy_1s"/><style color="#777677" color2="#777677" id="element_scatter_1s" size="5pt" symbol="circle"/><style id="style_832" visible="false"/><style color="black" color2="transparent" font-size="12pt;8pt" font-weight="bold" id="style_834" margin="6px" padding="1px"/><style id="style_837" visible="false"/><style color="black" font-size="8pt;8pt;" id="style_839" margin="5px"/><style id="style_845" visible="false"/><style color="black" color2="transparent" font-size="12pt;8pt" font-weight="bold" id="style_847" margin="6px" padding="1px"/><style id="style_850" visible="false"/><style color="black" font-size="8pt;8pt;" id="style_852" margin="5px"/><style color="#AEAEAE" id="style1"/><style color="#AEAEAE" id="style2"/><style color="#777677" id="style_1026041" width="1pt"/><style color="#777677" color2="transparent" font-family="SansSerif" font-size="8pt" font-weight="regular" id="style_1026048" labelLocationHorizontal="center" labelLocationVertical="center" opacity2="0"/><style color="#777677" id="style_1026074" width="1pt"/><style color="black" color2="transparent" font-family="SansSerif" font-size="8pt" font-weight="regular" id="style_1026088" labelLocationHorizontal="center" labelLocationVertical="center" opacity2="0"/></style>
<style color="transparent" id="style_1026043"/>
<style id="style_1026045" labelLocationVertical="center" padding-bottom="2pt" padding-left="2pt" padding-right="2pt" padding-top="2pt"/>
<style color="white" color2="#777677" id="style_1026046"/>
<style id="style_1026054"/>
<style color="transparent" id="style_1026083"/>
<style id="style_1026085" labelLocationVertical="center" padding-bottom="2pt" padding-left="2pt" padding-right="2pt" padding-top="2pt"/>
<style color="white" color2="#777677" id="style_1026086"/>
<style id="style_1026094"/>

<styleCycle id="styleCycleDefault"><cycle id="cycle_820"><style id="style_styleCycleDefault" labelInside="preferred"/></cycle></styleCycle>
<styleCycle id="styleCycleRepository"><cycle id="cycle_1025807"><style color="#5596E6" id="style_1025808"/><style color="#D70033" id="style_1025809"/><style color="#298626" id="style_1025810"/><style color="#F3672A" id="style_1025811"/><style color="#E3D710" id="style_1025812"/><style color="#00B4A0" id="style_1025813"/><style color="#FFC4E2" id="style_1025814"/><style color="#AB49F3" id="style_1025815"/><style color="#5FC338" id="style_1025816"/><style color="#3F5AA8" id="style_1025817"/><style color="#FE82B4" id="style_1025818"/><style color="#D0CA8C" id="style_1025819"/><style color="#CC863F" id="style_1025820"/><style color="#77378F" id="style_1025821"/><style color="#ECE6D0" id="style_1025822"/><style color="#454647" id="style_1025823"/><style color="#5CCA88" id="style_1025824"/><style color="#D05334" id="style_1025825"/><style color="#CC7FE4" id="style_1025826"/><style color="#E1BC1D" id="style_1025827"/><style color="#ED4B4B" id="style_1025828"/><style color="#1CCDCD" id="style_1025829"/><style color="#5C7148" id="style_1025830"/><style color="#E18B0E" id="style_1025831"/><style color="#092672" id="style_1025832"/><style color="#5A645E" id="style_1025833"/><style color="#9B0000" id="style_1025834"/><style color="#CFACE3" id="style_1025835"/><style color="#969191" id="style_1025836"/><style color="#3FEB7C" id="style_1025837"/></cycle><cycle id="cycle_1025838"><style id="style_1025839" pattern="26"/><style id="style_1025840" pattern="1"/><style id="style_1025841" pattern="12"/><style id="style_1025842" pattern="3"/><style id="style_1025843" pattern="29"/><style id="style_1025844" pattern="6"/><style id="style_1025845" pattern="14"/><style id="style_1025846" pattern="7"/><style id="style_1025847" pattern="18"/><style id="style_1025848" pattern="17"/><style id="style_1025849" pattern="22"/><style id="style_1025850" pattern="9"/><style id="style_1025851" pattern="20"/><style id="style_1025852" pattern="10"/><style id="style_1025853" pattern="21"/><style id="style_1025854" pattern="27"/><style id="style_1025855" pattern="19"/><style id="style_1025856" pattern="23"/><style id="style_1025857" pattern="13"/><style id="style_1025858" pattern="4"/><style id="style_1025859" pattern="25"/><style id="style_1025860" pattern="28"/><style id="style_1025861" pattern="5"/><style id="style_1025862" pattern="15"/><style id="style_1025863" pattern="2"/><style id="style_1025864" pattern="24"/><style id="style_1025865" pattern="11"/><style id="style_1025866" pattern="16"/><style id="style_1025867" pattern="8"/></cycle><cycle id="cycle_1025868"><style id="style_1025869" size="5pt" symbol="circle"/><style id="style_1025870" size="5pt" symbol="square"/><style id="style_1025871" size="5pt" symbol="cross"/><style glyph-sides="3" id="style_1025872" size="5pt" symbol="polygon"/><style id="style_1025873" size="5pt" symbol="plus"/><style glyph-angle="90" glyph-aspect="0.5" id="style_1025874" size="5pt" symbol="circle"/><style glyph-angle="45" id="style_1025875" size="5pt" symbol="square"/><style glyph-sides="5" id="style_1025876" size="5pt" symbol="flower"/><style id="style_1025877" size="5pt" symbol="bowtie"/><style glyph-angle="90" glyph-aspect="0.5" id="style_1025878" size="5pt" symbol="square"/><style glyph-angle="180" glyph-sides="3" id="style_1025879" size="5pt" symbol="polygon"/><style glyph-aspect="0.5" id="style_1025880" size="5pt" symbol="circle"/><style glyph-sides="5" id="style_1025881" size="5pt" symbol="polygon"/><style glyph-sides="8" id="style_1025882" size="5pt" symbol="star"/><style glyph-aspect="0.5" id="style_1025883" size="5pt" symbol="square"/><style glyph-sides="3" id="style_1025884" size="5pt" symbol="flower"/><style glyph-angle="90" id="style_1025885" size="5pt" symbol="bowtie"/><style glyph-angle="90" id="style_1025886" size="5pt" symbol="line"/><style glyph-angle="90" glyph-aspect="0.5" glyph-sides="4" id="style_1025887" size="5pt" symbol="polygon"/><style id="style_1025888" size="5pt" symbol="line"/><style glyph-angle="270" glyph-sides="3" id="style_1025889" size="5pt" symbol="polygon"/><style id="style_1025890" size="5pt" symbol="arrow"/><style glyph-angle="90" glyph-sides="3" id="style_1025891" size="5pt" symbol="polygon"/></cycle><cycle id="cycle_1025892"><style id="style_1025893"/><style id="style_1025894" stroke-dasharray="12pt,2pt,2pt,10pt,2pt,2pt"/><style id="style_1025895" stroke-dasharray="8pt,8pt"/><style id="style_1025896" stroke-dasharray="10pt,2pt,2pt,2pt"/><style id="style_1025897" stroke-dasharray="3pt,6pt"/><style id="style_1025898" stroke-dasharray="12pt,2pt,2pt,2pt,2pt,2pt,2pt,2pt"/><style id="style_1025899" stroke-dasharray="6pt,3pt,6pt"/><style id="style_1025900" stroke-dasharray="8pt,1pt,8pt,7pt,2pt,7pt"/><style id="style_1025901" stroke-dasharray="6pt,2pt,3pt,5pt,2pt,2pt"/><style id="style_1025902" stroke-dasharray="15pt,2pt,6pt,2pt"/><style id="style_1025903" stroke-dasharray="5pt,5pt"/><style id="style_1025904" stroke-dasharray="8pt,2pt,4pt,2pt"/><style id="style_1025905" stroke-dasharray="3pt,2pt"/><style id="style_1025906" stroke-dasharray="12pt,5pt,3pt,5pt"/><style id="style_1025907" stroke-dasharray="6pt,3pt,3pt,3pt"/><style id="style_1025908" stroke-dasharray="12pt,3pt"/></cycle></styleCycle>
</visualization>