<?xml version="1.0" encoding="UTF-8"?><heading creation-date-time="Sunday, February 2, 2025 9:52:27 PM EET" creator="C:\PROGRA~1\IBM\SPSS\STATIS~1\25" creator-version="25000000" xmlns="http://xml.spss.com/spss/viewer/viewer-tree" xmlns:vgr="http://xml.spss.com/spss/viewer/viewer-graph" xmlns:vizml="http://xml.spss.com/visualization" xmlns:vmd="http://xml.spss.com/spss/viewer/viewer-model" xmlns:vps="http://xml.spss.com/spss/viewer/viewer-pagesetup" xmlns:vst="http://xml.spss.com/spss/viewer/viewer-style" xmlns:vtb="http://xml.spss.com/spss/viewer/viewer-table" xmlns:vtl="http://xml.spss.com/spss/viewer/table-looks" xmlns:vtt="http://xml.spss.com/spss/viewer/viewer-treemodel" xmlns:vtx="http://xml.spss.com/spss/viewer/viewer-text" xmlns:xsi="http://www.w3.org/2001/XMLSchema-instance" xsi:schemaLocation="http://xml.spss.com/spss/viewer/viewer-tree http://xml.spss.com/spss/viewer/viewer-tree-1.2.xsd"><label>Output</label><heading commandName="T-Test" creator-version="25000000" locale="en-US" olang="en"><label>T-Test</label><container text-align="left" visibility="visible" width="1097px"><label>Title</label><vtx:text commandName="T-Test" creator-version="25000000" type="title"><html lang="en" xmlns="http://www.w3.org/1999/xhtml"><![CDATA[<head><style type="text/css">p{color:0;font-family:SansSerif;font-size:18pt;font-style:normal;font-weight:bold;text-decoration:none}</style></head><BR>T-Test]]></html></vtx:text></container><container text-align="left" visibility="hidden"><label>Notes</label><vtb:table commandName="T-Test" creator-version="25000000" subType="Notes" tableId="-3810814260391444479" type="note"><vtb:tableStructure><vtb:dataPath>00000000181_lightNotesData.bin</vtb:dataPath></vtb:tableStructure></vtb:table></container><container text-align="left" visibility="visible" width="1097px"><label>Active Dataset</label><vtx:text commandName="T-Test" creator-version="25000000" type="text"><html lang="en" xmlns="http://www.w3.org/1999/xhtml"><![CDATA[<head><style type="text/css">p{color:0;font-family:Monospaced;font-size:14pt;font-style:normal;font-weight:normal;text-decoration:none}</style></head><BR>[DataSet2]&nbsp;]]></html></vtx:text></container><container text-align="left" visibility="visible"><label>One-Sample Statistics</label><vtb:table commandName="T-Test" creator-version="25000000" subType="One Sample Statistics" tableId="-3810814260391444477" type="table"><vtb:tableStructure><vtb:dataPath>00000000183_lightTableData.bin</vtb:dataPath></vtb:tableStructure></vtb:table></container><container text-align="left" visibility="visible"><label>One-Sample Test</label><vtb:table commandName="T-Test" creator-version="25000000" subType="One Sample Test" tableId="-3810814260391444476" type="table"><vtb:tableStructure><vtb:dataPath>00000000184_lightTableData.bin</vtb:dataPath></vtb:tableStructure></vtb:table></container></heading></heading>