<?xml version="1.0" encoding="UTF-8"?><heading creation-date-time="Sunday, February 2, 2025 9:52:27 PM EET" creator="C:\PROGRA~1\IBM\SPSS\STATIS~1\25" creator-version="25000000" xmlns="http://xml.spss.com/spss/viewer/viewer-tree" xmlns:vgr="http://xml.spss.com/spss/viewer/viewer-graph" xmlns:vizml="http://xml.spss.com/visualization" xmlns:vmd="http://xml.spss.com/spss/viewer/viewer-model" xmlns:vps="http://xml.spss.com/spss/viewer/viewer-pagesetup" xmlns:vst="http://xml.spss.com/spss/viewer/viewer-style" xmlns:vtb="http://xml.spss.com/spss/viewer/viewer-table" xmlns:vtl="http://xml.spss.com/spss/viewer/table-looks" xmlns:vtt="http://xml.spss.com/spss/viewer/viewer-treemodel" xmlns:vtx="http://xml.spss.com/spss/viewer/viewer-text" xmlns:xsi="http://www.w3.org/2001/XMLSchema-instance" xsi:schemaLocation="http://xml.spss.com/spss/viewer/viewer-tree http://xml.spss.com/spss/viewer/viewer-tree-1.2.xsd"><label>Output</label><heading commandName="T-Test" locale="en-US" olang="en"><label>T-Test</label><container text-align="left" visibility="hidden"><label>Notes</label><vtb:table commandName="T-Test" creator-version="25000000" subType="Notes" tableId="-3811717464976261119" type="note"><vtb:tableStructure><vtb:dataPath>00000000160_lightNotesData.bin</vtb:dataPath></vtb:tableStructure></vtb:table></container></heading></heading>