<?xml version="1.0" encoding="UTF-8"?><heading creation-date-time="Sunday, February 2, 2025 9:52:27 PM EET" creator="C:\PROGRA~1\IBM\SPSS\STATIS~1\25" creator-version="25000000" xmlns="http://xml.spss.com/spss/viewer/viewer-tree" xmlns:vgr="http://xml.spss.com/spss/viewer/viewer-graph" xmlns:vizml="http://xml.spss.com/visualization" xmlns:vmd="http://xml.spss.com/spss/viewer/viewer-model" xmlns:vps="http://xml.spss.com/spss/viewer/viewer-pagesetup" xmlns:vst="http://xml.spss.com/spss/viewer/viewer-style" xmlns:vtb="http://xml.spss.com/spss/viewer/viewer-table" xmlns:vtl="http://xml.spss.com/spss/viewer/table-looks" xmlns:vtt="http://xml.spss.com/spss/viewer/viewer-treemodel" xmlns:vtx="http://xml.spss.com/spss/viewer/viewer-text" xmlns:xsi="http://www.w3.org/2001/XMLSchema-instance" xsi:schemaLocation="http://xml.spss.com/spss/viewer/viewer-tree http://xml.spss.com/spss/viewer/viewer-tree-1.2.xsd"><label>Output</label><container text-align="left" visibility="visible" width="1097px"><label>Log</label><vtx:text commandName="log" type="log"><html lang="en" xmlns="http://www.w3.org/1999/xhtml"><![CDATA[<head><style type="text/css">p{color:0;font-family:Monospaced;font-size:14pt;font-style:normal;font-weight:normal;text-decoration:none}</style></head><BR>GRAPH
  /SCATTERPLOT(BIVAR)=cigarette WITH cafee
  /MISSING=LISTWISE.]]></html></vtx:text></container></heading>