<?xml version="1.0" encoding="UTF-8"?><heading creation-date-time="Sunday, February 2, 2025 9:52:27 PM EET" creator="C:\PROGRA~1\IBM\SPSS\STATIS~1\25" creator-version="25000000" xmlns="http://xml.spss.com/spss/viewer/viewer-tree" xmlns:vgr="http://xml.spss.com/spss/viewer/viewer-graph" xmlns:vizml="http://xml.spss.com/visualization" xmlns:vmd="http://xml.spss.com/spss/viewer/viewer-model" xmlns:vps="http://xml.spss.com/spss/viewer/viewer-pagesetup" xmlns:vst="http://xml.spss.com/spss/viewer/viewer-style" xmlns:vtb="http://xml.spss.com/spss/viewer/viewer-table" xmlns:vtl="http://xml.spss.com/spss/viewer/table-looks" xmlns:vtt="http://xml.spss.com/spss/viewer/viewer-treemodel" xmlns:vtx="http://xml.spss.com/spss/viewer/viewer-text" xmlns:xsi="http://www.w3.org/2001/XMLSchema-instance" xsi:schemaLocation="http://xml.spss.com/spss/viewer/viewer-tree http://xml.spss.com/spss/viewer/viewer-tree-1.2.xsd"><label>Output</label><heading commandName="Graph" locale="en-US" olang="en"><label>Graph</label><container text-align="left" visibility="visible" width="1097px"><label>Title</label><vtx:text commandName="Graph" creator-version="25000000" type="title"><html lang="en" xmlns="http://www.w3.org/1999/xhtml"><![CDATA[<head><style type="text/css">p{color:0;font-family:SansSerif;font-size:18pt;font-style:normal;font-weight:bold;text-decoration:none}</style></head><BR>Graph]]></html></vtx:text></container><container text-align="left" visibility="hidden"><label>Notes</label><vtb:table commandName="Graph" creator-version="25000000" subType="Notes" tableId="-3811717464980455423" type="note"><vtb:tableStructure><vtb:dataPath>00000000091_lightNotesData.bin</vtb:dataPath></vtb:tableStructure></vtb:table></container><container text-align="left" visibility="visible"><label>Histogram of cafee</label><vgr:graph VDPId="1092461215621316609" ViZmlSource="" commandName="Graph" creator-version="25000000" dataMapId="0" dataMapURI="" editor="ChartEditor" refMapId="0" refMapURI=""><vtb:dataPath>00000000092__chartData.bin</vtb:dataPath><vtb:path>00000000092__chart.xml</vtb:path></vgr:graph></container></heading></heading>