<?xml version="1.0" encoding="UTF-8"?><heading creation-date-time="Sunday, February 2, 2025 9:52:27 PM EET" creator="C:\PROGRA~1\IBM\SPSS\STATIS~1\25" creator-version="25000000" xmlns="http://xml.spss.com/spss/viewer/viewer-tree" xmlns:vgr="http://xml.spss.com/spss/viewer/viewer-graph" xmlns:vizml="http://xml.spss.com/visualization" xmlns:vmd="http://xml.spss.com/spss/viewer/viewer-model" xmlns:vps="http://xml.spss.com/spss/viewer/viewer-pagesetup" xmlns:vst="http://xml.spss.com/spss/viewer/viewer-style" xmlns:vtb="http://xml.spss.com/spss/viewer/viewer-table" xmlns:vtl="http://xml.spss.com/spss/viewer/table-looks" xmlns:vtt="http://xml.spss.com/spss/viewer/viewer-treemodel" xmlns:vtx="http://xml.spss.com/spss/viewer/viewer-text" xmlns:xsi="http://www.w3.org/2001/XMLSchema-instance" xsi:schemaLocation="http://xml.spss.com/spss/viewer/viewer-tree http://xml.spss.com/spss/viewer/viewer-tree-1.2.xsd"><label>Output</label><heading commandName="Explore" locale="en-US" olang="en"><label>Explore</label><container text-align="left" visibility="visible" width="1097px"><label>Title</label><vtx:text commandName="Explore" creator-version="25000000" type="title"><html lang="en" xmlns="http://www.w3.org/1999/xhtml"><![CDATA[<head><style type="text/css">p{color:0;font-family:SansSerif;font-size:18pt;font-style:normal;font-weight:bold;text-decoration:none}</style></head><BR>Explore]]></html></vtx:text></container><container text-align="left" visibility="hidden"><label>Notes</label><vtb:table commandName="Explore" creator-version="25000000" subType="Notes" tableId="-3811717464981503999" type="note"><vtb:tableStructure><vtb:dataPath>00000000071_lightNotesData.bin</vtb:dataPath></vtb:tableStructure></vtb:table></container><container text-align="left" visibility="visible"><label>Case Processing Summary</label><vtb:table commandName="Explore" creator-version="25000000" subType="Case Processing Summary" tableId="-3811717464981503997" type="table"><vtb:tableStructure><vtb:dataPath>00000000072_lightTableData.bin</vtb:dataPath></vtb:tableStructure></vtb:table></container><container text-align="left" visibility="visible"><label>Descriptives</label><vtb:table commandName="Explore" creator-version="25000000" subType="Descriptives" tableId="-3811717464981503996" type="table"><vtb:tableStructure><vtb:dataPath>00000000073_lightTableData.bin</vtb:dataPath></vtb:tableStructure></vtb:table></container><heading commandName="Explore" locale="en-US" olang="en"><label>cafee</label><container text-align="left" visibility="visible" width="1097px"><label>Title</label><vtx:text commandName="Explore" creator-version="25000000" type="title"><html lang="en" xmlns="http://www.w3.org/1999/xhtml"><![CDATA[<head><style type="text/css">p{color:0;font-family:SansSerif;font-size:18pt;font-style:normal;font-weight:bold;text-decoration:none}</style></head><BR>cafee]]></html></vtx:text></container><container text-align="left" visibility="visible" width="1097px"><label>Stem-and-Leaf Plot</label><vtx:text commandName="Explore" creator-version="25000000" type="text"><html lang="en" xmlns="http://www.w3.org/1999/xhtml"><![CDATA[<head><style type="text/css">p{color:0;font-family:Monospaced;font-size:14pt;font-style:normal;font-weight:normal;text-decoration:none}</style></head><BR>cafee&nbsp;Stem-and-Leaf&nbsp;Plot<br></br><br></br>&nbsp;Frequency&nbsp;&nbsp;&nbsp;&nbsp;Stem&nbsp;&&nbsp;&nbsp;Leaf<br></br><br></br>&nbsp;&nbsp;&nbsp;&nbsp;&nbsp;2.00&nbsp;&nbsp;&nbsp;&nbsp;&nbsp;&nbsp;&nbsp;&nbsp;0&nbsp;.&nbsp;&nbsp;11<br></br>&nbsp;&nbsp;&nbsp;&nbsp;&nbsp;3.00&nbsp;&nbsp;&nbsp;&nbsp;&nbsp;&nbsp;&nbsp;&nbsp;0&nbsp;.&nbsp;&nbsp;233<br></br>&nbsp;&nbsp;&nbsp;&nbsp;&nbsp;7.00&nbsp;&nbsp;&nbsp;&nbsp;&nbsp;&nbsp;&nbsp;&nbsp;0&nbsp;.&nbsp;&nbsp;4445555<br></br>&nbsp;&nbsp;&nbsp;&nbsp;&nbsp;7.00&nbsp;&nbsp;&nbsp;&nbsp;&nbsp;&nbsp;&nbsp;&nbsp;0&nbsp;.&nbsp;&nbsp;6666777<br></br>&nbsp;&nbsp;&nbsp;&nbsp;&nbsp;7.00&nbsp;&nbsp;&nbsp;&nbsp;&nbsp;&nbsp;&nbsp;&nbsp;0&nbsp;.&nbsp;&nbsp;8889999<br></br>&nbsp;&nbsp;&nbsp;&nbsp;&nbsp;3.00&nbsp;&nbsp;&nbsp;&nbsp;&nbsp;&nbsp;&nbsp;&nbsp;1&nbsp;.&nbsp;&nbsp;001<br></br>&nbsp;&nbsp;&nbsp;&nbsp;&nbsp;&nbsp;.00&nbsp;&nbsp;&nbsp;&nbsp;&nbsp;&nbsp;&nbsp;&nbsp;1&nbsp;.<br></br>&nbsp;&nbsp;&nbsp;&nbsp;&nbsp;1.00&nbsp;&nbsp;&nbsp;&nbsp;&nbsp;&nbsp;&nbsp;&nbsp;1&nbsp;.&nbsp;&nbsp;4<br></br><br></br>&nbsp;Stem&nbsp;width:&nbsp;&nbsp;&nbsp;&nbsp;&nbsp;10.00<br></br>&nbsp;Each&nbsp;leaf:&nbsp;&nbsp;&nbsp;&nbsp;&nbsp;&nbsp;&nbsp;&nbsp;1&nbsp;case(s)<br></br><br></br><br></br>]]></html></vtx:text></container><container text-align="left" visibility="visible"><label>Boxplot</label><vgr:graph VDPId="1092461146901839873" ViZmlSource="" commandName="Explore" creator-version="25000000" dataMapId="0" dataMapURI="" editor="ChartEditor" refMapId="0" refMapURI=""><vtb:dataPath>000000000742__chartData.bin</vtb:dataPath><vtb:path>000000000742__chart.xml</vtb:path></vgr:graph></container></heading></heading></heading>